,city_code,avg(age)
0,DET,17.0
1,HOU,17.0
2,PEK,17.0
3,BAL,18.0
4,BOS,18.0
5,DAL,18.0
6,LOS,18.0
7,NAR,18.0
8,WAS,18.0
9,HKG,19.0
10,PIT,19.33333333333333
11,PHL,19.5
12,ATL,20.0
13,CHI,20.0
14,ROC,20.0
15,NYC,20.33333333333333
16,YYZ,22.5
17,LON,27.0
