,city_code,avg(age)
0,LON,27.0
1,YYZ,22.5
2,NYC,20.33333333333333
3,ROC,20.0
4,CHI,20.0
5,ATL,20.0
6,PHL,19.5
7,PIT,19.33333333333333
8,HKG,19.0
9,WAS,18.0
10,NAR,18.0
11,LOS,18.0
12,DAL,18.0
13,BOS,18.0
14,BAL,18.0
15,PEK,17.0
16,HOU,17.0
17,DET,17.0
