,city_code,avg(age)
0,YYZ,22.5
1,WAS,18.0
2,ROC,20.0
3,PIT,19.33333333333333
4,PHL,19.5
5,PEK,17.0
6,NYC,20.33333333333333
7,NAR,18.0
8,LOS,18.0
9,LON,27.0
10,HOU,17.0
11,HKG,19.0
12,DET,17.0
13,DAL,18.0
14,CHI,20.0
15,BOS,18.0
16,BAL,18.0
17,ATL,20.0
