,city_code,avg(age)
0,YYZ,22.5
1,WAS,21.66666666666667
2,SFO,21.0
3,ROC,20.0
4,PIT,19.0
5,PHL,19.666666666666668
6,PEK,17.0
7,NYC,20.33333333333333
8,NAR,18.0
9,LOS,18.0
10,LON,27.0
11,HOU,17.0
12,HKG,18.0
13,DET,17.0
14,DAL,18.0
15,CHI,20.0
16,BOS,18.0
17,BAL,18.5
18,ATL,20.0
