,city_code,avg(age)
0,LON,27.0
1,YYZ,22.5
2,WAS,21.66666666666667
3,SFO,21.0
4,NYC,20.33333333333333
5,ROC,20.0
6,CHI,20.0
7,ATL,20.0
8,PHL,19.666666666666668
9,PIT,19.0
10,BAL,18.5
11,NAR,18.0
12,LOS,18.0
13,HKG,18.0
14,DAL,18.0
15,BOS,18.0
16,PEK,17.0
17,HOU,17.0
18,DET,17.0
