,city_code,avg(age)
0,ATL,20.0
1,BAL,18.5
2,BOS,18.0
3,CHI,20.0
4,DAL,18.0
5,DET,17.0
6,HKG,18.0
7,HOU,17.0
8,LON,27.0
9,LOS,18.0
10,NAR,18.0
11,NYC,20.33333333333333
12,PEK,17.0
13,PHL,19.666666666666668
14,PIT,19.0
15,ROC,20.0
16,SFO,21.0
17,WAS,21.66666666666667
18,YYZ,22.5
