,city_code,avg(age)
0,DET,17.0
1,HOU,17.0
2,PEK,17.0
3,BOS,18.0
4,DAL,18.0
5,HKG,18.0
6,LOS,18.0
7,NAR,18.0
8,BAL,18.5
9,PIT,19.0
10,PHL,19.666666666666668
11,ATL,20.0
12,CHI,20.0
13,ROC,20.0
14,NYC,20.33333333333333
15,SFO,21.0
16,WAS,21.66666666666667
17,YYZ,22.5
18,LON,27.0
