,avg(age),max(age)
0,22.0,26
1,17.0,17
2,19.33333333333333,22
3,17.5,18
4,19.8,21
5,19.666666666666668,27
