,avg(age),min(age)
0,22.0,18
1,17.0,17
2,19.33333333333333,18
3,17.5,17
4,19.8,18
5,19.666666666666668,16
