,Major,avg(age)
0,50,22.0
1,100,17.0
2,520,19.33333333333333
3,540,17.5
4,550,19.8
5,600,19.666666666666668
