,JOB_ID,AVG(EMPLOYEE_ID)
0,AD_PRES,100.0
1,IT_PROG,105.0
2,FI_ACCOUNT,111.25
3,PU_MAN,114.0
4,PU_CLERK,116.0
5,ST_MAN,122.0
6,ST_CLERK,135.44444444444446
7,SA_MAN,148.0
8,SA_REP,164.76923076923077
9,SH_CLERK,189.55555555555554
10,HR_REP,203.0
11,AC_MGR,205.0
