,JOB_ID,AVG(EMPLOYEE_ID)
0,ST_MAN,122.0
1,ST_CLERK,135.44444444444446
2,SH_CLERK,189.55555555555554
3,SA_REP,164.76923076923077
4,SA_MAN,148.0
5,PU_MAN,114.0
6,PU_CLERK,116.0
7,IT_PROG,105.0
8,HR_REP,203.0
9,FI_ACCOUNT,111.25
10,AD_PRES,100.0
11,AC_MGR,205.0
