,JOB_ID,AVG(EMPLOYEE_ID)
0,AC_MGR,205.0
1,HR_REP,203.0
2,SH_CLERK,189.55555555555554
3,SA_REP,164.76923076923077
4,SA_MAN,148.0
5,ST_CLERK,135.44444444444446
6,ST_MAN,122.0
7,PU_CLERK,116.0
8,PU_MAN,114.0
9,FI_ACCOUNT,111.25
10,IT_PROG,105.0
11,AD_PRES,100.0
