,JOB_ID,AVG(SALARY)
0,ST_MAN,7350.0
1,ST_CLERK,2822.222222222222
2,SH_CLERK,3244.4444444444443
3,SA_REP,8100.0
4,SA_MAN,11000.0
5,PU_MAN,11000.0
6,PU_CLERK,2933.3333333333335
7,IT_PROG,6000.0
8,HR_REP,6500.0
9,FI_ACCOUNT,7850.0
10,AD_PRES,24000.0
11,AC_MGR,12000.0
