,JOB_ID,AVG(SALARY)
0,AC_MGR,12000.0
1,AD_PRES,24000.0
2,FI_ACCOUNT,7850.0
3,HR_REP,6500.0
4,IT_PROG,6000.0
5,PU_CLERK,2933.3333333333335
6,PU_MAN,11000.0
7,SA_MAN,11000.0
8,SA_REP,8100.0
9,SH_CLERK,3244.4444444444443
10,ST_CLERK,2822.222222222222
11,ST_MAN,7350.0
