,JOB_ID,AVG(SALARY)
0,AD_PRES,24000.0
1,AC_MGR,12000.0
2,SA_MAN,11000.0
3,PU_MAN,11000.0
4,SA_REP,8100.0
5,FI_ACCOUNT,7850.0
6,ST_MAN,7350.0
7,HR_REP,6500.0
8,IT_PROG,6000.0
9,SH_CLERK,3244.4444444444443
10,PU_CLERK,2933.3333333333335
11,ST_CLERK,2822.222222222222
