,JOB_ID,AVG(SALARY)
0,ST_CLERK,2822.222222222222
1,PU_CLERK,2933.3333333333335
2,SH_CLERK,3244.4444444444443
3,IT_PROG,6000.0
4,HR_REP,6500.0
5,ST_MAN,7350.0
6,FI_ACCOUNT,7850.0
7,SA_REP,8100.0
8,PU_MAN,11000.0
9,SA_MAN,11000.0
10,AC_MGR,12000.0
11,AD_PRES,24000.0
