,DEPARTMENT_ID,AVG(salary)
0,0,7000.0
1,10,4400.0
2,20,9500.0
3,30,4150.0
4,40,6500.0
5,50,3475.555555555556
6,60,5760.0
7,70,10000.0
8,80,8955.882352941177
9,90,19333.33333333333
10,100,8600.0
11,110,10150.0
