,year,avg(attendance)
0,1871~1884,5450.428571428572
1,1885~1898,16799.714285714286
2,1899~1912,15462.57142857143
3,1913~1926,248823.35714285713
4,1927~1940,375723.85714285716
5,1941~1954,898984.2857142857
6,1955~1968,1102628.357142857
7,1969~1982,1340008.2142857143
8,1983~1996,1981904.7142857143
9,1997~2010,2325929.285714286
10,2011~2014,2387512.25
