,Founder,AVG(Code)
0,John,1.0
1,Mary,3.0
2,Robert,3.0
3,Andy,5.0
4,Owen,7.666666666666667
5,James,9.333333333333334
