,Founder,AVG(Code)
0,Robert,3.0
1,Owen,7.666666666666667
2,Mary,3.0
3,John,1.0
4,James,9.333333333333334
5,Andy,5.0
