,Founder,AVG(Code)
0,James,9.333333333333334
1,Owen,7.666666666666667
2,Andy,5.0
3,Robert,3.0
4,Mary,3.0
5,John,1.0
