,Founder,AVG(Code)
0,Andy,5.0
1,James,9.333333333333334
2,John,1.0
3,Mary,3.0
4,Owen,7.666666666666667
5,Robert,3.0
