,avg(t1.age),avg(Years_working)
0,43.0,16.5
1,35.5,14.0
2,30.33333333333333,4.666666666666667
