,billing_country,AVG(total)
0,Chile,6.659999999999998
1,Hungary,6.517142857142857
2,Ireland,6.517142857142857
3,Czech Republic,6.445714285714287
4,Austria,6.088571428571428
5,Finland,5.9457142857142875
6,Netherlands,5.802857142857143
7,India,5.789230769230769
8,USA,5.747912087912091
9,Norway,5.659999999999998
