,sum(grant_amount),organisation_id
0,608438.0290999999,2
1,281.2446,3
2,610.7004,5
3,76977810.29079999,7
4,42.8061,8
5,25313.51,9
6,38679503.1437,10
7,330.6339,11
8,2001349.459,12
9,4516014.121800002,14
