,lot_id,avg(amount_of_transaction)
0,1,101119.2532
1,3,207484122.2796
2,4,48777.969000000005
3,8,48777.969000000005
4,9,0.0
5,10,13.084466666666666
6,11,24402.613
7,14,175642.8343
8,15,1.0
