,lot_id,avg(amount_of_transaction)
0,9,0.0
1,15,1.0
2,10,13.084466666666666
3,11,24402.613
4,4,48777.969000000005
5,8,48777.969000000005
6,1,101119.2532
7,14,175642.8343
8,3,207484122.2796
