,Location,sum(total_passengers)
0,Glasgow,29.658
1,Birmingham,36.330999999999996
2,London,498.50700000000006
