,Location,sum(total_passengers)
0,London,498.50700000000006
1,Glasgow,29.658
2,Birmingham,36.330999999999996
