,Location,sum(total_passengers)
0,Birmingham,36.330999999999996
1,Glasgow,29.658
2,London,498.50700000000006
