,sum(number_of_platforms),sum(total_passengers)
0,13,36.330999999999996
1,17,29.658
2,140,498.50700000000006
