,Team_ID,All_Games_Percent
0,1,0.9460000000000001
1,4,0.6000000000000001
