,School_ID,ACC_Percent
0,1,0.875
1,2,0.8130000000000001
2,4,0.625
3,5,0.5630000000000001
