,School_ID,All_Games_Percent
0,1,0.9460000000000001
1,2,0.8240000000000001
2,4,0.706
3,5,0.6000000000000001
