,ACC_Percent,All_Games_Percent
0,0.875,0.9460000000000001
1,0.8130000000000001,0.8240000000000001
2,0.625,0.706
3,0.5630000000000001,0.6000000000000001
