,Team_Name,All_Games_Percent
0,North Carolina,0.9460000000000001
1,Duke,0.8240000000000001
2,Clemson,0.706
3,Virginia Tech,0.6000000000000001
