,Team_Name,All_Games_Percent
0,Virginia Tech,0.6000000000000001
1,Clemson,0.706
2,Duke,0.8240000000000001
3,North Carolina,0.9460000000000001
