,ACC_Regular_Season,ACC_Percent
0,10–6,0.625
1,13–3,0.8130000000000001
2,14–2,0.875
3,9–7,0.5630000000000001
