,ACC_Regular_Season,ACC_Percent
0,9–7,0.5630000000000001
1,10–6,0.625
2,13–3,0.8130000000000001
3,14–2,0.875
