,ACC_Regular_Season,All_Games_Percent
0,14–2,0.9460000000000001
1,13–3,0.8240000000000001
2,10–6,0.706
3,9–7,0.6000000000000001
