,ACC_Regular_Season,All_Games_Percent
0,9–7,0.6000000000000001
1,14–2,0.9460000000000001
2,13–3,0.8240000000000001
3,10–6,0.706
