,All_Games,ACC_Percent
0,21–14,0.5630000000000001
1,24–10,0.625
2,28–6,0.8130000000000001
3,35–2,0.875
