,All_Games,All_Games_Percent
0,35–2,0.9460000000000001
1,28–6,0.8240000000000001
2,24–10,0.706
3,21–14,0.6000000000000001
