,All_Road,ACC_Percent
0,4–8,0.5630000000000001
1,6–5,0.625
2,8–2,0.8130000000000001
3,13–0,0.875
