,All_Road,ACC_Percent
0,13–0,0.875
1,8–2,0.8130000000000001
2,6–5,0.625
3,4–8,0.5630000000000001
