,All_Road,All_Games_Percent
0,8–2,0.8240000000000001
1,6–5,0.706
2,4–8,0.6000000000000001
3,13–0,0.9460000000000001
