,All_Neutral,ACC_Percent
0,9–1,0.875
1,5–3,0.8130000000000001
2,4–3,0.625
3,3–3,0.5630000000000001
