,All_Neutral,ACC_Percent
0,3–3,0.5630000000000001
1,4–3,0.625
2,5–3,0.8130000000000001
3,9–1,0.875
