,All_Neutral,All_Games_Percent
0,9–1,0.9460000000000001
1,5–3,0.8240000000000001
2,4–3,0.706
3,3–3,0.6000000000000001
