,All_Games,ACC_Percent
0,35–2,0.875
1,28–6,0.8130000000000001
2,24–10,0.625
3,21–14,0.5630000000000001
