,ACC_Percent,All_Games_Percent
0,0.5630000000000001,0.6000000000000001
