,Continent,avg(LifeExpectancy)
0,Africa,52.57192982456139
1,Asia,67.44117647058825
2,Oceania,69.715
3,South America,70.94615384615386
