,Continent,avg(LifeExpectancy)
0,South America,70.94615384615386
1,Oceania,69.715
2,Asia,67.44117647058825
3,Africa,52.57192982456139
