,sum(Population),avg(LifeExpectancy)
0,784475000,52.57192982456139
1,3705025700,67.44117647058825
2,30401150,69.715
3,345780000,70.94615384615386
