,Support_rate,Consider_rate
0,0.25,0.30000000000000004
1,0.33,0.2
2,0.24,0.27
3,0.18,0.34
4,0.24,0.30000000000000004
5,0.17,0.42
