,Consider_rate,Oppose_rate
0,0.30000000000000004,0.43
1,0.2,0.45
2,0.27,0.43
3,0.34,0.44
4,0.30000000000000004,0.32
5,0.42,0.32
