,Openning_year,AVG(Capacity)
0,2009,305.0
1,2010,544.3333333333334
2,2011,445.3333333333333
3,2012,368.0
4,2013,330.0
5,2014,0.0
6,2015,364.0
