,Openning_year,AVG(Capacity)
0,2015,364.0
1,2014,0.0
2,2013,330.0
3,2012,368.0
4,2011,445.3333333333333
5,2010,544.3333333333334
6,2009,305.0
