,dept_name,AVG(salary)
0,Accounting,48716.5925
1,Languages,57421.85666666668
2,Psychology,61143.05
3,Biology,61287.25
4,Statistics,67795.44166666668
5,English,72089.04999999999
6,Elec. Eng.,74162.73999999999
7,Athletics,77098.198
8,Astronomy,79070.08
9,Mech. Eng.,79813.02
10,Marketing,84097.4375
11,Cybernetics,96346.5675
12,Comp. Sci.,98133.47
13,Geology,99382.59
14,Pol. Sci.,100053.07333333332
15,Finance,105311.38
16,Physics,114576.9
