,dept_name,AVG(salary)
0,Statistics,67795.44166666668
1,Psychology,61143.05
2,Pol. Sci.,100053.07333333332
3,Physics,114576.9
4,Mech. Eng.,79813.02
5,Marketing,84097.4375
6,Languages,57421.85666666668
7,Geology,99382.59
8,Finance,105311.38
9,English,72089.04999999999
10,Elec. Eng.,74162.73999999999
11,Cybernetics,96346.5675
12,Comp. Sci.,98133.47
13,Biology,61287.25
14,Athletics,77098.198
15,Astronomy,79070.08
16,Accounting,48716.5925
