,dept_name,AVG(salary)
0,Physics,114576.9
1,Finance,105311.38
2,Pol. Sci.,100053.07333333332
3,Geology,99382.59
4,Comp. Sci.,98133.47
5,Cybernetics,96346.5675
6,Marketing,84097.4375
7,Mech. Eng.,79813.02
8,Astronomy,79070.08
9,Athletics,77098.198
10,Elec. Eng.,74162.73999999999
11,English,72089.04999999999
12,Statistics,67795.44166666668
13,Biology,61287.25
14,Psychology,61143.05
15,Languages,57421.85666666668
16,Accounting,48716.5925
