,dept_name,AVG(salary)
0,Accounting,48716.5925
1,Astronomy,79070.08
2,Athletics,77098.198
3,Biology,61287.25
4,Comp. Sci.,98133.47
5,Cybernetics,96346.5675
6,Elec. Eng.,74162.73999999999
7,English,72089.04999999999
8,Finance,105311.38
9,Geology,99382.59
10,Languages,57421.85666666668
11,Marketing,84097.4375
12,Mech. Eng.,79813.02
13,Physics,114576.9
14,Pol. Sci.,100053.07333333332
15,Psychology,61143.05
16,Statistics,67795.44166666668
