,Days,AVG(Credits)
0,M,3.0
1,MT,3.0
2,MTW,3.27027027027027
3,MW,3.0
4,T,3.0
5,TTh,3.0
6,TW,3.0
7,Th,2.833333333333333
8,ThF,2.75
9,T,3.0
10,W,2.2
