,Days,AVG(Instructor)
0,M,6981.5
1,MT,4670.333333333333
2,MTW,6096.27027027027
3,MW,7600.0
4,T,7748.0
5,TTh,9514.0
6,TW,6330.0
7,Th,6890.333333333333
8,ThF,6094.75
9,T,9379.0
10,W,6776.6
